model_name,source,candidate_hash,window_size,rul_cap,selected_blocks,feature_count,train_seconds,validation_MAE,validation_fitness,official_original_MAE,official_calibrated_MAE,official_original_overestimation_share,official_calibrated_overestimation_share,official_original_max_overestimation,official_calibrated_max_overestimation,official_near_failure_MAE,official_calibrated_near_failure_MAE,recommended_shift
Week 3 calibrated aggregated RF,week3_fallback,week3_reference,50,,manual_aggregated_blocks,432,,,,,12.5,,,,,,,5.0
candidate_15,top_low_overestimation,2898e0487ceb31f75d24456842d49660,100,,"[""delta"", ""edge_means"", ""first"", ""max"", ""mean"", ""range"", ""relative_delta"", ""rms"", ""robust_spread"", ""slope_change"", ""tail_quantiles"", ""volatility""]",379,65.67534669999986,8.457474153559104,13.063566985612717,10.878381697966558,10.94738744862321,0.44,0.42,35.23840715486941,34.73840715486941,5.26862955143705,5.12862955143705,0.5
candidate_22,top_near_failure,0667e9dd94468dac419eec524dd2a320,80,125.0,"[""edge_means"", ""first"", ""last"", ""max"", ""min"", ""range"", ""relative_delta"", ""relative_last_minus_mean"", ""rms"", ""slope"", ""slope_change"", ""std"", ""tail_quantiles"", ""volatility""]",427,39.24831649999942,6.82716647190881,11.261359022607834,11.451457325928242,11.573101793464545,0.39,0.36,35.60090180552007,35.10090180552007,5.086731751046458,5.041335295084121,0.5
candidate_21,top_near_failure,73971c956b3e4407df08d138f006eb7c,80,150.0,"[""edge_means"", ""first"", ""last"", ""max"", ""min"", ""range"", ""relative_delta"", ""relative_last_minus_mean"", ""rms"", ""slope"", ""slope_change"", ""std"", ""tail_quantiles"", ""volatility""]",427,41.245469099999355,6.827166471908808,11.261359022607834,11.451457325928247,11.573101793464545,0.39,0.36,35.600901805520024,35.100901805520024,5.086731751046457,5.04133529508412,0.5
candidate_14,top_low_overestimation,c03e1c93bc54d09ce492393e64c3cdd2,50,,"[""last_minus_mean"", ""mean"", ""slope"", ""std"", ""volatility""]",163,30.961727299999893,7.539331341803412,11.893329287114298,11.674957897798658,11.74810125754097,0.43,0.41,36.043327512791876,35.543327512791876,6.041071233689031,5.981071233689031,0.5
candidate_7,top_fitness,07a4c6d2aace3304493b5c3533345de0,100,120.0,"[""last_minus_mean"", ""mean"", ""slope"", ""slope_change"", ""std"", ""tail_quantiles"", ""volatility""]",235,45.44228629999998,6.549506035137116,10.766716170983324,11.826130983821878,11.925977265735511,0.41,0.4,28.568799465720517,28.068799465720517,5.182954396462865,5.122954396462864,0.5
candidate_18,top_near_failure,f9989ff9018a5537d26b8f00a235dcc4,100,130.0,"[""last_minus_mean"", ""mean"", ""slope"", ""slope_change"", ""std"", ""volatility""]",187,23.37631420000025,6.700533108352286,11.092158489542282,11.938125191759767,12.027473396157289,0.44,0.4,30.899412944157163,30.399412944157163,5.08715271667393,4.999310560876799,0.5
candidate_19,top_near_failure,1f251a311c4b6c9d9c38593007e33359,100,,"[""last_minus_mean"", ""mean"", ""slope"", ""slope_change"", ""std"", ""volatility""]",187,23.93552279999949,6.700533108352286,11.092158489542284,11.938125191759768,12.027473396157289,0.44,0.4,30.899412944157135,30.399412944157135,5.08715271667393,4.999310560876799,0.5
candidate_17,top_mae,564a6538e1db25bea753779a0055925e,100,150.0,"[""last_minus_mean"", ""mean"", ""slope"", ""slope_change"", ""std"", ""volatility""]",187,25.963029600000027,6.700533108352286,11.092158489542282,11.938125191759768,12.02747339615729,0.44,0.4,30.899412944157163,30.399412944157163,5.0871527166739305,4.999310560876799,0.5
candidate_20,top_near_failure,47c0a901a5dfdd25f841ab619a4eabc3,100,125.0,"[""last_minus_mean"", ""mean"", ""slope"", ""slope_change"", ""std"", ""volatility""]",187,22.417156599999544,6.700533108352286,11.092158489542284,11.93812519175977,12.027473396157292,0.44,0.4,30.899412944157163,30.399412944157163,5.08715271667393,4.999310560876799,0.5
candidate_4,top_fitness,c4e64a59a703935574729f02036c2e6c,100,120.0,"[""last_minus_mean"", ""mean"", ""slope"", ""slope_change"", ""std""]",163,33.12701190000007,6.322903609072028,10.517286054813255,12.011260918206341,12.090332024878048,0.43,0.4,28.11630964789215,27.61630964789215,5.031723011220226,4.931723011220226,0.5
candidate_9,top_fitness,eb6bc82d2cce24e51a7520d3095be4a1,100,120.0,"[""last_minus_mean"", ""mean"", ""rms"", ""slope"", ""slope_change"", ""std"", ""volatility""]",211,46.273251600000094,6.496453915256833,10.834695397625875,12.09317673366416,12.212140156490966,0.42,0.36,29.51917700532009,29.01917700532009,5.0774046770567445,4.996052830490856,0.5
candidate_11,top_fitness,c38cf4269c904bc9ea06918391ece6c7,100,120.0,"[""first"", ""last_minus_mean"", ""mean"", ""slope"", ""slope_change"", ""std"", ""volatility""]",211,36.82767530000001,6.556130429814515,10.931400049828571,12.126085590596889,12.231658667548453,0.41,0.38,26.740237400035483,26.240237400035483,5.117673786570646,5.053018846591167,0.5
candidate_10,top_fitness,ef20599a6bc21aa852a0ba72976ecbc3,100,120.0,"[""edge_means"", ""last_minus_mean"", ""mean"", ""slope"", ""slope_change"", ""std"", ""volatility""]",235,51.20210270000007,6.586781925829208,10.930921727475367,12.154578596377712,12.258704299733566,0.4,0.39,28.431192883850557,27.931192883850557,5.189777890354439,5.12977789035444,0.5
candidate_5,top_fitness,1bc0f70ad5a5e2379fef6fca8b313d4e,100,120.0,"[""last_minus_mean"", ""mean"", ""slope"", ""slope_change"", ""std"", ""volatility""]",187,37.53202059999967,6.370335649720847,10.632799760560054,12.161009712282066,12.268992319684743,0.41,0.37,28.80258395108359,28.30258395108359,5.079254832014205,4.987144983559875,0.5
candidate_13,top_fitness,399899c928f3cae5fd2848c7cc3d4003,80,130.0,"[""last_minus_mean"", ""mean"", ""slope"", ""slope_change"", ""volatility""]",163,37.86704240000017,6.889716218705035,11.035179282387197,12.096142310364849,12.272768224855255,0.42,0.38,35.7612474556428,34.7612474556428,5.229671701371683,5.07351492705236,1.0
candidate_8,top_fitness,dc474d2ab1369488c85343390d0f536b,100,120.0,"[""iqr"", ""last_minus_mean"", ""mean"", ""slope"", ""slope_change"", ""std"", ""volatility""]",211,44.03754660000004,6.560538663447789,10.783079053574804,12.18010647814215,12.281208188036356,0.4,0.39,28.250363531340867,27.750363531340867,5.023993915084494,4.928400754661326,0.5
candidate_6,top_fitness,37e3cc9f2819c27591616e2f4ad7a2eb,100,120.0,"[""last_minus_mean"", ""mean"", ""range"", ""slope"", ""slope_change"", ""std""]",187,34.598478500000056,6.3706129537084335,10.669017137906158,12.202913767962075,12.303321699393818,0.4,0.39,27.90748906182195,27.40748906182195,5.1126680748631985,5.014299800590173,0.5
candidate_12,top_fitness,5cdd91d56d4a0a46392f8a5ce2435067,100,120.0,"[""last_minus_mean"", ""slope"", ""slope_change"", ""std"", ""volatility""]",163,25.356244699999934,6.45018300609088,10.969357616160575,12.25505377642552,12.366081226905175,0.41,0.38,27.942769505645686,27.442769505645686,5.106401820101877,5.01889176764917,0.5
candidate_2,cap_none,e722a2b98432005e2fb4b3214deef2fc,50,,"[""edge_means"", ""first"", ""iqr"", ""last"", ""max"", ""mean"", ""median"", ""min"", ""range"", ""relative_delta"", ""relative_last_minus_mean"", ""rms"", ""slope"", ""std""]",403,154.68510879999985,7.804213024206072,12.510470199592095,12.261385922605673,12.432912499541217,0.42,0.39,37.56415426936863,36.56415426936863,5.324122244773199,5.302014433140388,1.0
candidate_1,cap_none,13f7d88e1fc03c0d617fef0c7e05aaed,100,,"[""edge_means"", ""first"", ""max"", ""median"", ""min"", ""range"", ""relative_delta"", ""relative_last_minus_mean"", ""rms"", ""robust_spread"", ""slope"", ""tail_quantiles"", ""volatility""]",403,83.71467719999964,7.143228008993267,11.370486846740445,12.4039938909521,12.476789744126702,0.43,0.42,30.14295000753515,29.64295000753515,5.853021137488986,5.724204550187398,0.5
candidate_3,cap_none,7010f628f2b8f23b01c2170791b7c58a,100,,"[""last"", ""median"", ""rms"", ""std"", ""volatility""]",163,32.478411799999776,8.210340010096735,12.906336344127096,12.51570077893046,12.59661244897987,0.43,0.39,42.105741792798284,41.605741792798284,4.711864394239457,4.596665376140254,0.5
candidate_16,top_low_overestimation,6ee505ee8badf87432c58a78b38ea367,100,120.0,"[""delta"", ""first"", ""iqr"", ""max"", ""median"", ""relative_last_minus_mean"", ""slope_change"", ""volatility""]",235,40.99520480000001,8.81089293968302,13.743665760643847,14.691861793243673,15.028841116255142,0.34,0.32,41.54417072510819,40.54417072510819,6.613843983717727,6.528691381086439,1.0
