selected_blocks,window_size,rul_cap,rf_max_depth,rf_min_samples_leaf,rf_min_samples_split,rf_max_features,MAE,RMSE,R2,mean_error,overestimation_share,max_overestimation,near_failure_MAE,warning_zone_MAE,feature_count,train_seconds,fitness,candidate_hash,status,from_cache,source_group,is_allowed_final_cap
"['last_minus_mean', 'mean', 'slope', 'slope_change', 'std', 'volatility']",100,,16,4,10,0.6,7.638284648657999,11.646066346083758,0.8952118449981223,6.063497170781355,0.82,48.43663753987673,3.1859186811938516,7.928400377715493,144.0,39.88409960000001,12.943393284458427,1f251a311c4b6c9d9c38593007e33359,ok,False,cap_none,True
"['last', 'median', 'rms', 'std', 'volatility']",100,,24,1,10,0.6,8.154032480992521,12.397951837540004,0.881244546120625,5.931691411417359,0.78,41.912589721786134,3.571870480358396,8.445106368023362,120.0,23.80307640000001,13.15496406579571,7010f628f2b8f23b01c2170791b7c58a,ok,False,cap_none,True
"['last_minus_mean', 'mean', 'slope', 'std', 'volatility']",50,,16,4,10,0.6,8.00769716139721,14.243808511776145,0.8432505855559014,5.480243115954883,0.77,86.61352072977556,2.8469572632335183,8.623933468770081,120.0,59.4137283,14.258816703099962,c03e1c93bc54d09ce492393e64c3cdd2,ok,False,cap_none,True
"['delta', 'edge_means', 'first', 'max', 'mean', 'range', 'relative_delta', 'rms', 'robust_spread', 'slope_change', 'tail_quantiles', 'volatility']",100,,12,4,2,,8.817830673052267,14.675664790407636,0.8336015636765672,6.432254115409109,0.78,67.17183114273371,2.843812196635331,10.854716003330774,336.0,34.85413729999999,14.614679223198335,2898e0487ceb31f75d24456842d49660,ok,False,cap_none,True
"['edge_means', 'first', 'iqr', 'last', 'max', 'mean', 'median', 'min', 'range', 'relative_delta', 'relative_last_minus_mean', 'rms', 'slope', 'std']",50,,20,3,5,,8.895202756482314,15.528416354086454,0.8137020791421289,6.350584132296043,0.77,83.00074701092558,2.8478404413565395,10.518718857489143,360.0,58.5681759,15.113801156418171,e722a2b98432005e2fb4b3214deef2fc,ok,False,cap_none,True
"['edge_means', 'last_minus_mean', 'mean', 'slope', 'slope_change', 'std']",100,120.0,16,4,10,0.6,5.257799021111221,7.433616754694799,0.957307262016641,3.155958221428458,0.79,23.31442289757777,2.5494154807076246,7.0763536518755785,168.0,24.762281699999903,9.604239092570188,80fc8539c73a5597fcc5af0c35b87a90,ok,False,top_fitness,True
"['edge_means', 'last_minus_mean', 'mean', 'range', 'slope', 'slope_change', 'std']",100,120.0,16,4,10,0.6,5.365961453765631,7.698876684580612,0.9542060188608372,3.3572047689214752,0.79,23.461516394071595,2.53153407409859,7.282724792774526,192.0,26.55081660000019,9.723638663226648,4886dc07abf3b28a50d9702f86bdbedb,ok,False,top_fitness,True
"['edge_means', 'first', 'last_minus_mean', 'mean', 'slope', 'slope_change', 'std', 'volatility']",100,120.0,16,4,10,0.6,5.399070360273958,7.589176214195839,0.9555017483432089,3.34001734148336,0.8,21.931416247001707,2.627267572879345,7.113390629198313,216.0,27.630698499999994,9.75172987868229,0ec4201bbd3590a27e3af396c11d206e,ok,False,top_fitness,True
"['edge_means', 'last_minus_mean', 'mean', 'rms', 'slope', 'slope_change', 'std', 'volatility']",100,120.0,16,4,10,0.6,5.429385842281888,7.706860498372317,0.9541109919616788,3.3048194824204478,0.79,22.53383192591538,2.5658110253238893,7.261571808979533,216.0,27.110811400000102,9.761128554444443,5b70e0dd74bb9e7e72a626433af068a8,ok,False,top_fitness,True
"['edge_means', 'last_minus_mean', 'mean', 'slope', 'slope_change', 'std', 'volatility']",100,120.0,16,4,10,0.6,5.5164559268984865,7.770653922778501,0.9533481566173976,3.404364856505479,0.78,23.733610391952837,2.70574894278428,7.51826573268555,192.0,45.64153939999994,9.865654783387235,ef20599a6bc21aa852a0ba72976ecbc3,ok,False,top_fitness,True
"['last_minus_mean', 'mean', 'slope', 'slope_change', 'std', 'volatility']",100,120.0,16,4,10,0.6,5.741611929806115,7.861655892966828,0.9522490808751745,3.524654735898587,0.78,21.095064595398853,3.2057018266787862,7.269763547487331,144.0,25.125879800000007,10.041710555701878,1bc0f70ad5a5e2379fef6fca8b313d4e,ok,False,top_fitness,True
"['last_minus_mean', 'mean', 'slope', 'slope_change', 'std', 'tail_quantiles', 'volatility']",100,120.0,16,4,10,0.6,5.704498292071587,7.921874128782704,0.9515147600535868,3.342729828214423,0.79,22.28843165324372,2.988583655432712,7.285551926529124,192.0,26.29606320000005,10.06366001116468,07a4c6d2aace3304493b5c3533345de0,ok,False,top_fitness,True
"['last_minus_mean', 'mean', 'relative_last_minus_mean', 'slope', 'slope_change', 'volatility']",100,130.0,16,4,10,0.6,5.763831116230147,8.06932987221899,0.9496929775333198,3.8908805764733527,0.76,27.713971892424567,3.262015896705638,6.6201230186753905,144.0,35.68267859999992,10.16101646548635,37a068ea6aa1269c9e08a796b2d08abf,ok,False,top_fitness,True
"['iqr', 'last_minus_mean', 'mean', 'slope', 'slope_change', 'std', 'volatility']",100,120.0,16,4,10,0.6,5.932775420761224,8.145739195890092,0.9487357419538651,3.5722747948310762,0.77,23.05219117464101,3.2529566472550067,7.436501983704118,168.0,25.871264300000007,10.26203776712902,dc474d2ab1369488c85343390d0f536b,ok,False,top_fitness,True
"['edge_means', 'last_minus_mean', 'mean', 'slope', 'slope_change', 'std', 'volatility']",100,125.0,16,4,10,0.6,5.844488847458486,8.335727016989026,0.9463165224199407,3.8323214843122964,0.78,28.878632422710666,2.747610460027751,7.238619858954543,192.0,26.584213399999953,10.34020145130021,77bc665d3ee1c5f41669d84adc50f19e,ok,False,top_fitness,True
"['delta', 'first', 'iqr', 'max', 'median', 'relative_last_minus_mean', 'slope_change', 'volatility']",100,120.0,16,3,4,,6.5669811881274756,9.686574595165851,0.9275073245105359,2.5219599694501036,0.7,32.90030895691612,3.4135785259635982,9.389752991025517,192.0,29.101028799999995,11.002666858553068,6ee505ee8badf87432c58a78b38ea367,ok,False,top_low_overestimation,True
"['last_minus_mean', 'mean', 'slope', 'slope_change', 'volatility']",80,130.0,16,4,10,0.6,6.527768735044316,9.86467939109857,0.9248170047240787,3.7761917604575204,0.74,37.13470124930939,3.1805641313998203,7.837135714368055,120.0,50.20168059999992,11.169740331610306,399899c928f3cae5fd2848c7cc3d4003,ok,False,top_low_overestimation,True
"['delta', 'first', 'iqr', 'max', 'min', 'range', 'relative_delta', 'rms', 'robust_spread', 'slope', 'std']",80,150.0,24,5,5,,6.772193870465149,10.728716934821684,0.911069804269571,4.308853992259542,0.74,38.87180468815181,2.9222489474305298,8.298059551473196,264.0,36.62305980000002,11.464050308963074,226b8f08f3315ef17f636586b8021c80,ok,False,top_low_overestimation,True
"['delta', 'edge_means', 'first', 'last_minus_mean', 'max', 'mean', 'median', 'min', 'range', 'slope', 'slope_change', 'std', 'tail_quantiles', 'volatility']",40,125.0,24,3,2,0.4,7.012539259565821,10.932757263152128,0.9076550638324427,4.097255527175598,0.76,41.37208639610533,2.7939687999661937,10.13463600278629,384.0,44.474801499999984,11.922604795557728,a0f534b1f9e95faf884488db1b38a229,ok,False,top_low_overestimation,True
"['last_minus_mean', 'slope', 'slope_change', 'std', 'volatility']",100,120.0,16,4,10,0.6,7.112129656115245,10.23843970011606,0.9190118967811067,4.309515975637964,0.75,37.09482165974666,4.510709563529273,8.80516616976013,120.0,37.1301995,11.938037717780393,5cdd91d56d4a0a46392f8a5ce2435067,ok,False,top_low_overestimation,True
"['delta', 'first', 'iqr', 'median', 'relative_last_minus_mean', 'slope_change', 'volatility']",60,120.0,16,3,4,,7.8759161690184465,11.246468291232441,0.9022794280319038,3.208772923705752,0.71,36.07781979378316,4.883529003785974,8.762060435847498,168.0,56.212671099999966,12.539415500568719,701e03961942f740efef19f1b7e16fe7,ok,False,top_low_overestimation,True
"['delta', 'first', 'iqr', 'max', 'median', 'relative_last_minus_mean', 'slope_change', 'volatility']",100,,16,3,4,,9.51170080974336,14.920514135777703,0.8280028499014495,6.242854195715074,0.75,56.478642230785056,3.6010081217907133,10.83722453839721,192.0,28.48810309999999,14.927629707946057,57c35bd4df3a428bf23e081e0d374b4c,ok,False,top_low_overestimation,True
"['delta', 'first', 'median', 'relative_last_minus_mean']",50,120.0,20,1,2,0.8,9.303598629028214,14.263174579477782,0.8428240587033522,5.686842975554206,0.75,63.046717775994765,5.531498098035431,14.282228620069134,96.0,33.54533439999999,15.208809154953657,2523459e880bdf90906b57b0942f0da2,ok,False,top_low_overestimation,True
"['first', 'max', 'median', 'tail_quantiles']",40,125.0,24,2,8,sqrt,11.248843751477393,17.01025333069686,0.776449710252908,6.631742737061678,0.71,59.72084210965642,5.423180190246238,20.568129465032765,120.0,27.13632709999996,17.137048608588096,dbe89deb994fbf24e8d3cd7b5f9399ca,ok,False,top_low_overestimation,True
"['last_minus_mean', 'mean', 'slope', 'slope_change', 'volatility']",100,130.0,16,4,10,0.6,5.851971580962469,8.07489594235553,0.9496235519444636,3.9702051876657833,0.78,28.224699774887057,3.288023122507526,6.733143659348386,120.0,23.691324199999997,10.351080170383618,279244f39ffce5a97a8855b4d0b63c41,ok,False,top_mae,True
